<?xml version="1.0" encoding="UTF-8"?>
<export version="D">
  <design>
    <source>C:/Andrew/Sailbot/Arduino Uno/Custom Arduino.sch</source>
    <date>2018-11-17 2:44:07 PM</date>
    <tool>Eeschema 4.0.7</tool>
    <sheet number="1" name="/" tstamps="/">
      <title_block>
        <title>Custom Arduino Board</title>
        <company>Sailbot</company>
        <rev/>
        <date/>
        <source>Custom Arduino.sch</source>
        <comment number="1" value=""/>
        <comment number="2" value=""/>
        <comment number="3" value=""/>
        <comment number="4" value=""/>
      </title_block>
    </sheet>
  </design>
  <components>
    <comp ref="U1">
      <value>ATMEGA328-PU</value>
      <footprint>digikey-footprints:DIP-28_W7.62mm</footprint>
      <libsource lib="atmel" part="ATMEGA328-PU"/>
      <sheetpath names="/" tstamps="/"/>
      <tstamp>5B899B47</tstamp>
    </comp>
    <comp ref="U2">
      <value>FT232RL-REEL</value>
      <footprint>digikey-footprints:SSOP-28_W5.30mm</footprint>
      <datasheet>http://www.ftdichip.com/Support/Documents/DataSheets/ICs/DS_FT232R.pdf</datasheet>
      <fields>
        <field name="Digi-Key_PN">768-1007-1-ND</field>
        <field name="MPN">FT232RL-REEL</field>
        <field name="Category">Integrated Circuits (ICs)</field>
        <field name="Family">Interface - Controllers</field>
        <field name="DK_Datasheet_Link">http://www.ftdichip.com/Support/Documents/DataSheets/ICs/DS_FT232R.pdf</field>
        <field name="DK_Detail_Page">/product-detail/en/ftdi-future-technology-devices-international-ltd/FT232RL-REEL/768-1007-1-ND/1836402</field>
        <field name="Description">IC USB FS SERIAL UART 28-SSOP</field>
        <field name="Manufacturer">FTDI, Future Technology Devices International Ltd</field>
        <field name="Status">Active</field>
      </fields>
      <libsource lib="dk_Interface-Controllers" part="FT232RL-REEL"/>
      <sheetpath names="/" tstamps="/"/>
      <tstamp>5B92D375</tstamp>
    </comp>
    <comp ref="U3">
      <value>MC33269DR2-5.0G</value>
      <footprint>digikey-footprints:SOIC-8_W3.9mm</footprint>
      <libsource lib="Sailbot Tutorial" part="MC33269DR2-5.0G"/>
      <sheetpath names="/" tstamps="/"/>
      <tstamp>5B92E41D</tstamp>
    </comp>
    <comp ref="C3">
      <value>100n</value>
      <footprint>Capacitors_SMD:C_0603</footprint>
      <libsource lib="device" part="C"/>
      <sheetpath names="/" tstamps="/"/>
      <tstamp>5B92EDEA</tstamp>
    </comp>
    <comp ref="D1">
      <value>D</value>
      <footprint>Diodes_SMD:D_0603</footprint>
      <libsource lib="device" part="D"/>
      <sheetpath names="/" tstamps="/"/>
      <tstamp>5B92F3DA</tstamp>
    </comp>
    <comp ref="J1">
      <value>UJ2-MBH-1-SMT-TR</value>
      <footprint>digikey-footprints:USB_Mini_B_Female_UJ2-MBH-1-SMT-TR</footprint>
      <datasheet>https://www.cui.com/product/resource/digikeypdf/uj2-mbh-smt.pdf</datasheet>
      <fields>
        <field name="Digi-Key_PN">102-4003-1-ND</field>
        <field name="MPN">UJ2-MBH-1-SMT-TR</field>
        <field name="Category">Connectors, Interconnects</field>
        <field name="Family">USB, DVI, HDMI Connectors</field>
        <field name="DK_Datasheet_Link">https://www.cui.com/product/resource/digikeypdf/uj2-mbh-smt.pdf</field>
        <field name="DK_Detail_Page">/product-detail/en/cui-inc/UJ2-MBH-1-SMT-TR/102-4003-1-ND/6187925</field>
        <field name="Description">USB JACK 2.0, MINI B TYPE, 5 PIN</field>
        <field name="Manufacturer">CUI Inc.</field>
        <field name="Status">Active</field>
      </fields>
      <libsource lib="dk_USB-DVI-HDMI-Connectors" part="UJ2-MBH-1-SMT-TR"/>
      <sheetpath names="/" tstamps="/"/>
      <tstamp>5B92F643</tstamp>
    </comp>
    <comp ref="F1">
      <value>Fuse</value>
      <footprint>Fuse_Holders_and_Fuses:Fuse_SMD1206_Reflow</footprint>
      <libsource lib="device" part="Fuse"/>
      <sheetpath names="/" tstamps="/"/>
      <tstamp>5B930288</tstamp>
    </comp>
    <comp ref="C4">
      <value>100n</value>
      <footprint>Capacitors_SMD:C_0603</footprint>
      <libsource lib="device" part="C"/>
      <sheetpath names="/" tstamps="/"/>
      <tstamp>5B932277</tstamp>
    </comp>
    <comp ref="C5">
      <value>1uF</value>
      <footprint>Capacitors_SMD:C_0603</footprint>
      <libsource lib="device" part="C"/>
      <sheetpath names="/" tstamps="/"/>
      <tstamp>5B932A80</tstamp>
    </comp>
    <comp ref="U4">
      <value>AZ1117EH-3.3TRG1</value>
      <footprint>digikey-footprints:SOT-223</footprint>
      <libsource lib="Sailbot Tutorial" part="AZ1117EH-3.3TRG1"/>
      <sheetpath names="/" tstamps="/"/>
      <tstamp>5B933A9B</tstamp>
    </comp>
    <comp ref="C7">
      <value>1uF</value>
      <footprint>Capacitors_SMD:C_0603</footprint>
      <libsource lib="device" part="C"/>
      <sheetpath names="/" tstamps="/"/>
      <tstamp>5B933E1C</tstamp>
    </comp>
    <comp ref="C6">
      <value>1uF</value>
      <footprint>Capacitors_SMD:C_0603</footprint>
      <libsource lib="device" part="C"/>
      <sheetpath names="/" tstamps="/"/>
      <tstamp>5B935002</tstamp>
    </comp>
    <comp ref="R6">
      <value>1k</value>
      <footprint>Resistors_SMD:R_0603</footprint>
      <libsource lib="device" part="R"/>
      <sheetpath names="/" tstamps="/"/>
      <tstamp>5B93995C</tstamp>
    </comp>
    <comp ref="R5">
      <value>1k</value>
      <footprint>Resistors_SMD:R_0603</footprint>
      <libsource lib="device" part="R"/>
      <sheetpath names="/" tstamps="/"/>
      <tstamp>5B939F9E</tstamp>
    </comp>
    <comp ref="R3">
      <value>1k</value>
      <footprint>Resistors_SMD:R_0603</footprint>
      <libsource lib="device" part="R"/>
      <sheetpath names="/" tstamps="/"/>
      <tstamp>5B93A93C</tstamp>
    </comp>
    <comp ref="D2">
      <value>LED</value>
      <footprint>LEDs:LED_0603</footprint>
      <libsource lib="device" part="LED"/>
      <sheetpath names="/" tstamps="/"/>
      <tstamp>5B93B265</tstamp>
    </comp>
    <comp ref="D3">
      <value>LED</value>
      <footprint>LEDs:LED_0603</footprint>
      <libsource lib="device" part="LED"/>
      <sheetpath names="/" tstamps="/"/>
      <tstamp>5B93B2E3</tstamp>
    </comp>
    <comp ref="R1">
      <value>1k</value>
      <footprint>Resistors_SMD:R_0603</footprint>
      <libsource lib="device" part="R"/>
      <sheetpath names="/" tstamps="/"/>
      <tstamp>5B93B325</tstamp>
    </comp>
    <comp ref="R2">
      <value>1k</value>
      <footprint>Resistors_SMD:R_0603</footprint>
      <libsource lib="device" part="R"/>
      <sheetpath names="/" tstamps="/"/>
      <tstamp>5B93B38D</tstamp>
    </comp>
    <comp ref="J3">
      <value>Conn_01x08</value>
      <footprint>Pin_Headers:Pin_Header_Straight_1x08_Pitch2.54mm</footprint>
      <libsource lib="conn" part="Conn_01x08"/>
      <sheetpath names="/" tstamps="/"/>
      <tstamp>5B93BF53</tstamp>
    </comp>
    <comp ref="J4">
      <value>Conn_01x06</value>
      <footprint>Pin_Headers:Pin_Header_Straight_1x06_Pitch2.54mm</footprint>
      <libsource lib="conn" part="Conn_01x06"/>
      <sheetpath names="/" tstamps="/"/>
      <tstamp>5B93C028</tstamp>
    </comp>
    <comp ref="J5">
      <value>Conn_01x10</value>
      <footprint>Pin_Headers:Pin_Header_Straight_1x10_Pitch2.54mm</footprint>
      <libsource lib="conn" part="Conn_01x10"/>
      <sheetpath names="/" tstamps="/"/>
      <tstamp>5B93C1DD</tstamp>
    </comp>
    <comp ref="J6">
      <value>Conn_01x08</value>
      <footprint>Pin_Headers:Pin_Header_Straight_1x08_Pitch2.54mm</footprint>
      <libsource lib="conn" part="Conn_01x08"/>
      <sheetpath names="/" tstamps="/"/>
      <tstamp>5B93C26A</tstamp>
    </comp>
    <comp ref="Y1">
      <value>Crystal</value>
      <footprint>Crystals:Crystal_SMD_5032-2pin_5.0x3.2mm</footprint>
      <libsource lib="device" part="Crystal"/>
      <sheetpath names="/" tstamps="/"/>
      <tstamp>5B93E0A3</tstamp>
    </comp>
    <comp ref="C9">
      <value>22pF</value>
      <footprint>Capacitors_SMD:C_0603</footprint>
      <libsource lib="device" part="C"/>
      <sheetpath names="/" tstamps="/"/>
      <tstamp>5B93E6D0</tstamp>
    </comp>
    <comp ref="C10">
      <value>22pF</value>
      <footprint>Capacitors_SMD:C_0603</footprint>
      <libsource lib="device" part="C"/>
      <sheetpath names="/" tstamps="/"/>
      <tstamp>5B93E741</tstamp>
    </comp>
    <comp ref="SW1">
      <value>SW_Push</value>
      <footprint>Buttons_Switches_SMD:SW_SPST_PTS645</footprint>
      <libsource lib="switches" part="SW_Push"/>
      <sheetpath names="/" tstamps="/"/>
      <tstamp>5B93F8FE</tstamp>
    </comp>
    <comp ref="R4">
      <value>10k</value>
      <footprint>Resistors_SMD:R_0603</footprint>
      <libsource lib="device" part="R"/>
      <sheetpath names="/" tstamps="/"/>
      <tstamp>5B940587</tstamp>
    </comp>
    <comp ref="C8">
      <value>0.1uF</value>
      <footprint>Capacitors_SMD:C_0603</footprint>
      <libsource lib="device" part="C"/>
      <sheetpath names="/" tstamps="/"/>
      <tstamp>5B9405E8</tstamp>
    </comp>
    <comp ref="D4">
      <value>LED</value>
      <footprint>LEDs:LED_0603</footprint>
      <libsource lib="device" part="LED"/>
      <sheetpath names="/" tstamps="/"/>
      <tstamp>5B9426E0</tstamp>
    </comp>
    <comp ref="R7">
      <value>200</value>
      <footprint>Resistors_SMD:R_0603</footprint>
      <libsource lib="device" part="R"/>
      <sheetpath names="/" tstamps="/"/>
      <tstamp>5B942DC9</tstamp>
    </comp>
    <comp ref="J7">
      <value>Conn_01x08</value>
      <footprint>Pin_Headers:Pin_Header_Straight_1x08_Pitch2.54mm</footprint>
      <libsource lib="conn" part="Conn_01x08"/>
      <sheetpath names="/" tstamps="/"/>
      <tstamp>5B94FB88</tstamp>
    </comp>
    <comp ref="J8">
      <value>Conn_01x06</value>
      <footprint>Pin_Headers:Pin_Header_Straight_1x06_Pitch2.54mm</footprint>
      <libsource lib="conn" part="Conn_01x06"/>
      <sheetpath names="/" tstamps="/"/>
      <tstamp>5B94FB8E</tstamp>
    </comp>
    <comp ref="J9">
      <value>Conn_01x10</value>
      <footprint>Pin_Headers:Pin_Header_Straight_1x10_Pitch2.54mm</footprint>
      <libsource lib="conn" part="Conn_01x10"/>
      <sheetpath names="/" tstamps="/"/>
      <tstamp>5B94FB94</tstamp>
    </comp>
    <comp ref="J10">
      <value>Conn_01x08</value>
      <footprint>Pin_Headers:Pin_Header_Straight_1x08_Pitch2.54mm</footprint>
      <libsource lib="conn" part="Conn_01x08"/>
      <sheetpath names="/" tstamps="/"/>
      <tstamp>5B94FB9A</tstamp>
    </comp>
    <comp ref="J11">
      <value>Conn_02x03_Odd_Even</value>
      <footprint>Pin_Headers:Pin_Header_Straight_2x03_Pitch2.54mm</footprint>
      <libsource lib="conn" part="Conn_02x03_Odd_Even"/>
      <sheetpath names="/" tstamps="/"/>
      <tstamp>5B950981</tstamp>
    </comp>
    <comp ref="C2">
      <value>47uF</value>
      <footprint>Capacitors_SMD:CP_Elec_4x5.3</footprint>
      <libsource lib="device" part="CP1"/>
      <sheetpath names="/" tstamps="/"/>
      <tstamp>5B92EE19</tstamp>
    </comp>
    <comp ref="C1">
      <value>47uF</value>
      <footprint>Capacitors_SMD:CP_Elec_4x5.3</footprint>
      <libsource lib="device" part="CP1"/>
      <sheetpath names="/" tstamps="/"/>
      <tstamp>5B92EFF6</tstamp>
    </comp>
    <comp ref="J2">
      <value>Conn_02x02_Odd_Even</value>
      <footprint>Pin_Headers:Pin_Header_Straight_2x02_Pitch2.54mm</footprint>
      <libsource lib="conn" part="Conn_02x02_Odd_Even"/>
      <sheetpath names="/" tstamps="/"/>
      <tstamp>5B9412B8</tstamp>
    </comp>
  </components>
  <libparts>
    <libpart lib="atmel" part="ATMEGA168A-PU">
      <aliases>
        <alias>ATMEGA48A-PU</alias>
        <alias>ATMEGA48PA-PU</alias>
        <alias>ATMEGA88A-PU</alias>
        <alias>ATMEGA88PA-PU</alias>
        <alias>ATMEGA168PA-PU</alias>
        <alias>ATMEGA328-PU</alias>
        <alias>ATMEGA328P-PU</alias>
      </aliases>
      <description>PDIP28 Narrow, 16k Flash, 1kB SRAM, 512B EEPROM</description>
      <docs>http://www.atmel.com/images/atmel-8271-8-bit-avr-microcontroller-atmega48a-48pa-88a-88pa-168a-168pa-328-328p_datasheet.pdf</docs>
      <footprints>
        <fp>28DIP-ELL600</fp>
        <fp>28dip600</fp>
      </footprints>
      <fields>
        <field name="Reference">U</field>
        <field name="Value">ATMEGA168A-PU</field>
        <field name="Footprint">DIL28</field>
      </fields>
      <pins>
        <pin num="1" name="(PCINT14/~RESET~)PC6" type="BiDi"/>
        <pin num="2" name="(PCINT16/RXD)PD0" type="BiDi"/>
        <pin num="3" name="(PCINT17/TXD)PD1" type="BiDi"/>
        <pin num="4" name="(PCINT18/INT0)PD2" type="BiDi"/>
        <pin num="5" name="(PCINT19/OC2B/INT1)PD3" type="BiDi"/>
        <pin num="6" name="(PCINT20/XCK/T0)PD4" type="BiDi"/>
        <pin num="7" name="VCC" type="power_in"/>
        <pin num="8" name="GND" type="power_in"/>
        <pin num="9" name="(PCINT6/XTAL1/TOSC1)PB6" type="BiDi"/>
        <pin num="10" name="(PCINT7/XTAL2/TOSC2)PB7" type="BiDi"/>
        <pin num="11" name="(PCINT21/OC0B/T1)PD5" type="BiDi"/>
        <pin num="12" name="(PCINT22/OC0A/AIN0)PD6" type="BiDi"/>
        <pin num="13" name="(PCINT23/AIN1)PD7" type="BiDi"/>
        <pin num="14" name="(PCINT0/CLKO/ICP1)PB0" type="BiDi"/>
        <pin num="15" name="(PCINT1/OC1A)PB1" type="BiDi"/>
        <pin num="16" name="(PCINT2/OC1B/~SS~)PB2" type="BiDi"/>
        <pin num="17" name="(PCINT3/OC2A/MOSI)PB3" type="BiDi"/>
        <pin num="18" name="(PCINT4/MISO)PB4" type="BiDi"/>
        <pin num="19" name="(PCINT5/SCK)PB5" type="BiDi"/>
        <pin num="20" name="AVCC" type="power_in"/>
        <pin num="21" name="AREF" type="BiDi"/>
        <pin num="22" name="GND" type="power_in"/>
        <pin num="23" name="(PCINT8/ADC0)PC0" type="BiDi"/>
        <pin num="24" name="(PCINT9/ADC1)PC1" type="BiDi"/>
        <pin num="25" name="(PCINT10/ADC2)PC2" type="BiDi"/>
        <pin num="26" name="(PCINT11/ADC3)PC3" type="BiDi"/>
        <pin num="27" name="(PCINT12/SDA/ADC4)PC4" type="BiDi"/>
        <pin num="28" name="(PCINT13/SCL/ADC5)PC5" type="BiDi"/>
      </pins>
    </libpart>
    <libpart lib="Sailbot Tutorial" part="AZ1117EH-3.3TRG1">
      <fields>
        <field name="Reference">U</field>
        <field name="Value">AZ1117EH-3.3TRG1</field>
      </fields>
      <pins>
        <pin num="1" name="OUTPUT" type="input"/>
        <pin num="2" name="GND" type="input"/>
        <pin num="3" name="INPUT" type="input"/>
        <pin num="4" name="VOUT" type="input"/>
      </pins>
    </libpart>
    <libpart lib="device" part="C">
      <description>Unpolarized capacitor</description>
      <footprints>
        <fp>C_*</fp>
      </footprints>
      <fields>
        <field name="Reference">C</field>
        <field name="Value">C</field>
      </fields>
      <pins>
        <pin num="1" name="~" type="passive"/>
        <pin num="2" name="~" type="passive"/>
      </pins>
    </libpart>
    <libpart lib="device" part="CP1">
      <description>Polarised capacitor</description>
      <footprints>
        <fp>CP_*</fp>
      </footprints>
      <fields>
        <field name="Reference">C</field>
        <field name="Value">CP1</field>
      </fields>
      <pins>
        <pin num="1" name="~" type="passive"/>
        <pin num="2" name="~" type="passive"/>
      </pins>
    </libpart>
    <libpart lib="conn" part="Conn_01x06">
      <description>Generic connector, single row, 01x06</description>
      <docs>~</docs>
      <footprints>
        <fp>Connector*:*_??x*mm*</fp>
        <fp>Connector*:*1x??x*mm*</fp>
        <fp>Pin?Header?Straight?1X*</fp>
        <fp>Pin?Header?Angled?1X*</fp>
        <fp>Socket?Strip?Straight?1X*</fp>
        <fp>Socket?Strip?Angled?1X*</fp>
      </footprints>
      <fields>
        <field name="Reference">J</field>
        <field name="Value">Conn_01x06</field>
      </fields>
      <pins>
        <pin num="1" name="Pin_1" type="passive"/>
        <pin num="2" name="Pin_2" type="passive"/>
        <pin num="3" name="Pin_3" type="passive"/>
        <pin num="4" name="Pin_4" type="passive"/>
        <pin num="5" name="Pin_5" type="passive"/>
        <pin num="6" name="Pin_6" type="passive"/>
      </pins>
    </libpart>
    <libpart lib="conn" part="Conn_01x08">
      <description>Generic connector, single row, 01x08</description>
      <docs>~</docs>
      <footprints>
        <fp>Connector*:*_??x*mm*</fp>
        <fp>Connector*:*1x??x*mm*</fp>
        <fp>Pin?Header?Straight?1X*</fp>
        <fp>Pin?Header?Angled?1X*</fp>
        <fp>Socket?Strip?Straight?1X*</fp>
        <fp>Socket?Strip?Angled?1X*</fp>
      </footprints>
      <fields>
        <field name="Reference">J</field>
        <field name="Value">Conn_01x08</field>
      </fields>
      <pins>
        <pin num="1" name="Pin_1" type="passive"/>
        <pin num="2" name="Pin_2" type="passive"/>
        <pin num="3" name="Pin_3" type="passive"/>
        <pin num="4" name="Pin_4" type="passive"/>
        <pin num="5" name="Pin_5" type="passive"/>
        <pin num="6" name="Pin_6" type="passive"/>
        <pin num="7" name="Pin_7" type="passive"/>
        <pin num="8" name="Pin_8" type="passive"/>
      </pins>
    </libpart>
    <libpart lib="conn" part="Conn_01x10">
      <description>Generic connector, single row, 01x10</description>
      <docs>~</docs>
      <footprints>
        <fp>Connector*:*_??x*mm*</fp>
        <fp>Connector*:*1x??x*mm*</fp>
        <fp>Pin?Header?Straight?1X*</fp>
        <fp>Pin?Header?Angled?1X*</fp>
        <fp>Socket?Strip?Straight?1X*</fp>
        <fp>Socket?Strip?Angled?1X*</fp>
      </footprints>
      <fields>
        <field name="Reference">J</field>
        <field name="Value">Conn_01x10</field>
      </fields>
      <pins>
        <pin num="1" name="Pin_1" type="passive"/>
        <pin num="2" name="Pin_2" type="passive"/>
        <pin num="3" name="Pin_3" type="passive"/>
        <pin num="4" name="Pin_4" type="passive"/>
        <pin num="5" name="Pin_5" type="passive"/>
        <pin num="6" name="Pin_6" type="passive"/>
        <pin num="7" name="Pin_7" type="passive"/>
        <pin num="8" name="Pin_8" type="passive"/>
        <pin num="9" name="Pin_9" type="passive"/>
        <pin num="10" name="Pin_10" type="passive"/>
      </pins>
    </libpart>
    <libpart lib="conn" part="Conn_02x02_Odd_Even">
      <description>Generic connector, double row, 02x02, odd/even pin numbering scheme (row 1 odd numbers, row 2 even numbers)</description>
      <docs>~</docs>
      <footprints>
        <fp>Connector*:*2x??x*mm*</fp>
        <fp>Connector*:*2x???Pitch*</fp>
        <fp>Pin_Header_Straight_2X*</fp>
        <fp>Pin_Header_Angled_2X*</fp>
        <fp>Socket_Strip_Straight_2X*</fp>
        <fp>Socket_Strip_Angled_2X*</fp>
      </footprints>
      <fields>
        <field name="Reference">J</field>
        <field name="Value">Conn_02x02_Odd_Even</field>
      </fields>
      <pins>
        <pin num="1" name="Pin_1" type="passive"/>
        <pin num="2" name="Pin_2" type="passive"/>
        <pin num="3" name="Pin_3" type="passive"/>
        <pin num="4" name="Pin_4" type="passive"/>
      </pins>
    </libpart>
    <libpart lib="conn" part="Conn_02x03_Odd_Even">
      <description>Generic connector, double row, 02x03, odd/even pin numbering scheme (row 1 odd numbers, row 2 even numbers)</description>
      <docs>~</docs>
      <footprints>
        <fp>Connector*:*2x??x*mm*</fp>
        <fp>Connector*:*2x???Pitch*</fp>
        <fp>Pin_Header_Straight_2X*</fp>
        <fp>Pin_Header_Angled_2X*</fp>
        <fp>Socket_Strip_Straight_2X*</fp>
        <fp>Socket_Strip_Angled_2X*</fp>
      </footprints>
      <fields>
        <field name="Reference">J</field>
        <field name="Value">Conn_02x03_Odd_Even</field>
      </fields>
      <pins>
        <pin num="1" name="Pin_1" type="passive"/>
        <pin num="2" name="Pin_2" type="passive"/>
        <pin num="3" name="Pin_3" type="passive"/>
        <pin num="4" name="Pin_4" type="passive"/>
        <pin num="5" name="Pin_5" type="passive"/>
        <pin num="6" name="Pin_6" type="passive"/>
      </pins>
    </libpart>
    <libpart lib="device" part="Crystal">
      <description>Two pin crystal</description>
      <footprints>
        <fp>Crystal*</fp>
      </footprints>
      <fields>
        <field name="Reference">Y</field>
        <field name="Value">Crystal</field>
      </fields>
      <pins>
        <pin num="1" name="1" type="passive"/>
        <pin num="2" name="2" type="passive"/>
      </pins>
    </libpart>
    <libpart lib="device" part="D">
      <description>Diode</description>
      <footprints>
        <fp>TO-???*</fp>
        <fp>*SingleDiode</fp>
        <fp>*_Diode_*</fp>
        <fp>*SingleDiode*</fp>
        <fp>D_*</fp>
      </footprints>
      <fields>
        <field name="Reference">D</field>
        <field name="Value">D</field>
      </fields>
      <pins>
        <pin num="1" name="K" type="passive"/>
        <pin num="2" name="A" type="passive"/>
      </pins>
    </libpart>
    <libpart lib="dk_Interface-Controllers" part="FT232RL-REEL">
      <description>IC USB FS SERIAL UART 28-SSOP</description>
      <docs>http://www.ftdichip.com/Support/Documents/DataSheets/ICs/DS_FT232R.pdf</docs>
      <fields>
        <field name="Reference">U</field>
        <field name="Value">FT232RL-REEL</field>
        <field name="Footprint">digikey-footprints:SSOP-28_W5.30mm</field>
        <field name="Datasheet">http://www.ftdichip.com/Support/Documents/DataSheets/ICs/DS_FT232R.pdf</field>
        <field name="Digi-Key_PN">768-1007-1-ND</field>
        <field name="MPN">FT232RL-REEL</field>
        <field name="Category">Integrated Circuits (ICs)</field>
        <field name="Family">Interface - Controllers</field>
        <field name="DK_Datasheet_Link">http://www.ftdichip.com/Support/Documents/DataSheets/ICs/DS_FT232R.pdf</field>
        <field name="DK_Detail_Page">/product-detail/en/ftdi-future-technology-devices-international-ltd/FT232RL-REEL/768-1007-1-ND/1836402</field>
        <field name="Description">IC USB FS SERIAL UART 28-SSOP</field>
        <field name="Manufacturer">FTDI, Future Technology Devices International Ltd</field>
        <field name="Status">Active</field>
      </fields>
      <pins>
        <pin num="1" name="TXD" type="output"/>
        <pin num="2" name="DTR" type="output"/>
        <pin num="3" name="RTS" type="output"/>
        <pin num="4" name="VCCIO" type="power_in"/>
        <pin num="5" name="RXD" type="input"/>
        <pin num="6" name="RI" type="input"/>
        <pin num="7" name="GND" type="power_in"/>
        <pin num="8" name="NC" type="NotConnected"/>
        <pin num="9" name="DSR" type="input"/>
        <pin num="10" name="DCD" type="input"/>
        <pin num="11" name="CTS" type="input"/>
        <pin num="12" name="CBUS4" type="BiDi"/>
        <pin num="13" name="CBUS2" type="BiDi"/>
        <pin num="14" name="CBUS3" type="BiDi"/>
        <pin num="15" name="USBDP" type="BiDi"/>
        <pin num="16" name="USBDM" type="BiDi"/>
        <pin num="17" name="3V3OUT" type="passive"/>
        <pin num="18" name="GND" type="power_in"/>
        <pin num="19" name="RESET" type="input"/>
        <pin num="20" name="VCC" type="power_in"/>
        <pin num="21" name="GND" type="power_in"/>
        <pin num="22" name="CBUS1" type="BiDi"/>
        <pin num="23" name="CBUS0" type="BiDi"/>
        <pin num="24" name="NC" type="NotConnected"/>
        <pin num="25" name="AGND" type="power_in"/>
        <pin num="26" name="TEST" type="power_in"/>
        <pin num="27" name="OSCI" type="input"/>
        <pin num="28" name="OSCO" type="output"/>
      </pins>
    </libpart>
    <libpart lib="device" part="Fuse">
      <description>Fuse, generic</description>
      <footprints>
        <fp>*Fuse*</fp>
      </footprints>
      <fields>
        <field name="Reference">F</field>
        <field name="Value">Fuse</field>
      </fields>
      <pins>
        <pin num="1" name="~" type="passive"/>
        <pin num="2" name="~" type="passive"/>
      </pins>
    </libpart>
    <libpart lib="device" part="LED">
      <description>LED generic</description>
      <footprints>
        <fp>LED*</fp>
      </footprints>
      <fields>
        <field name="Reference">D</field>
        <field name="Value">LED</field>
      </fields>
      <pins>
        <pin num="1" name="K" type="passive"/>
        <pin num="2" name="A" type="passive"/>
      </pins>
    </libpart>
    <libpart lib="Sailbot Tutorial" part="MC33269DR2-5.0G">
      <fields>
        <field name="Reference">U</field>
        <field name="Value">MC33269DR2-5.0G</field>
      </fields>
      <pins>
        <pin num="1" name="GND" type="input"/>
        <pin num="2" name="OUT" type="output"/>
        <pin num="3" name="OUT" type="output"/>
        <pin num="4" name="IN" type="input"/>
        <pin num="5" name="NC" type="output"/>
        <pin num="6" name="OUT" type="output"/>
        <pin num="7" name="OUT" type="output"/>
        <pin num="8" name="NC" type="output"/>
      </pins>
    </libpart>
    <libpart lib="device" part="R">
      <description>Resistor</description>
      <footprints>
        <fp>R_*</fp>
        <fp>R_*</fp>
      </footprints>
      <fields>
        <field name="Reference">R</field>
        <field name="Value">R</field>
      </fields>
      <pins>
        <pin num="1" name="~" type="passive"/>
        <pin num="2" name="~" type="passive"/>
      </pins>
    </libpart>
    <libpart lib="switches" part="SW_Push">
      <description>Push button switch, generic, two pins</description>
      <fields>
        <field name="Reference">SW</field>
        <field name="Value">SW_Push</field>
      </fields>
      <pins>
        <pin num="1" name="1" type="passive"/>
        <pin num="2" name="2" type="passive"/>
      </pins>
    </libpart>
    <libpart lib="dk_USB-DVI-HDMI-Connectors" part="UJ2-MBH-1-SMT-TR">
      <description>USB JACK 2.0, MINI B TYPE, 5 PIN</description>
      <docs>https://www.cui.com/product/resource/digikeypdf/uj2-mbh-smt.pdf</docs>
      <fields>
        <field name="Reference">J</field>
        <field name="Value">UJ2-MBH-1-SMT-TR</field>
        <field name="Footprint">digikey-footprints:USB_Mini_B_Female_UJ2-MBH-1-SMT-TR</field>
        <field name="Datasheet">https://www.cui.com/product/resource/digikeypdf/uj2-mbh-smt.pdf</field>
        <field name="Digi-Key_PN">102-4003-1-ND</field>
        <field name="MPN">UJ2-MBH-1-SMT-TR</field>
        <field name="Category">Connectors, Interconnects</field>
        <field name="Family">USB, DVI, HDMI Connectors</field>
        <field name="DK_Datasheet_Link">https://www.cui.com/product/resource/digikeypdf/uj2-mbh-smt.pdf</field>
        <field name="DK_Detail_Page">/product-detail/en/cui-inc/UJ2-MBH-1-SMT-TR/102-4003-1-ND/6187925</field>
        <field name="Description">USB JACK 2.0, MINI B TYPE, 5 PIN</field>
        <field name="Manufacturer">CUI Inc.</field>
        <field name="Status">Active</field>
      </fields>
      <pins>
        <pin num="1" name="~" type="passive"/>
        <pin num="2" name="~" type="passive"/>
        <pin num="3" name="~" type="passive"/>
        <pin num="4" name="~" type="passive"/>
        <pin num="5" name="~" type="passive"/>
        <pin num="SH" name="~" type="passive"/>
      </pins>
    </libpart>
  </libparts>
  <libraries>
    <library logical="device">
      <uri>C:\Program Files\KiCad\share\kicad\library\device.lib</uri>
    </library>
    <library logical="switches">
      <uri>C:\Program Files\KiCad\share\kicad\library\switches.lib</uri>
    </library>
    <library logical="conn">
      <uri>C:\Program Files\KiCad\share\kicad\library\conn.lib</uri>
    </library>
    <library logical="atmel">
      <uri>C:\Program Files\KiCad\share\kicad\library\atmel.lib</uri>
    </library>
    <library logical="dk_Interface-Controllers">
      <uri>C:\Andrew\Sailbot\Arduino Uno\digikey-kicad-library-master\digikey-symbols\dk_Interface-Controllers.lib</uri>
    </library>
    <library logical="dk_USB-DVI-HDMI-Connectors">
      <uri>C:\Andrew\Sailbot\Arduino Uno\digikey-kicad-library-master\digikey-symbols\dk_USB-DVI-HDMI-Connectors.lib</uri>
    </library>
    <library logical="Sailbot Tutorial">
      <uri>C:\Andrew\Sailbot\Arduino Uno\Sailbot Tutorial.lib</uri>
    </library>
  </libraries>
  <nets>
    <net code="1" name="Net-(D4-Pad1)">
      <node ref="R7" pin="2"/>
      <node ref="D4" pin="1"/>
    </net>
    <net code="2" name="Net-(C8-Pad1)">
      <node ref="C8" pin="1"/>
      <node ref="R4" pin="1"/>
      <node ref="SW1" pin="1"/>
      <node ref="U1" pin="1"/>
    </net>
    <net code="3" name="Net-(C5-Pad2)">
      <node ref="U2" pin="17"/>
      <node ref="C5" pin="2"/>
    </net>
    <net code="4" name="Net-(J1-Pad2)">
      <node ref="U2" pin="16"/>
      <node ref="J1" pin="2"/>
    </net>
    <net code="5" name="Net-(J1-Pad3)">
      <node ref="U2" pin="15"/>
      <node ref="J1" pin="3"/>
    </net>
    <net code="6" name="5V_USB">
      <node ref="F1" pin="1"/>
      <node ref="J2" pin="1"/>
    </net>
    <net code="7" name="Net-(F1-Pad2)">
      <node ref="F1" pin="2"/>
      <node ref="J1" pin="1"/>
    </net>
    <net code="8" name="5V">
      <node ref="U3" pin="7"/>
      <node ref="U3" pin="6"/>
      <node ref="U3" pin="3"/>
      <node ref="U3" pin="2"/>
      <node ref="C2" pin="1"/>
      <node ref="J2" pin="3"/>
      <node ref="C3" pin="1"/>
    </net>
    <net code="9" name="Net-(D3-Pad1)">
      <node ref="U2" pin="23"/>
      <node ref="D3" pin="1"/>
    </net>
    <net code="10" name="Net-(R5-Pad2)">
      <node ref="U2" pin="1"/>
      <node ref="R5" pin="2"/>
    </net>
    <net code="11" name="Net-(R3-Pad1)">
      <node ref="U2" pin="5"/>
      <node ref="R3" pin="1"/>
    </net>
    <net code="12" name="Net-(D2-Pad2)">
      <node ref="D2" pin="2"/>
      <node ref="R1" pin="1"/>
    </net>
    <net code="13" name="Net-(D3-Pad2)">
      <node ref="D3" pin="2"/>
      <node ref="R2" pin="1"/>
    </net>
    <net code="14" name="Net-(D2-Pad1)">
      <node ref="U2" pin="22"/>
      <node ref="D2" pin="1"/>
    </net>
    <net code="15" name="D10">
      <node ref="J5" pin="8"/>
      <node ref="J9" pin="8"/>
      <node ref="U1" pin="16"/>
    </net>
    <net code="16" name="D9">
      <node ref="J9" pin="9"/>
      <node ref="J5" pin="9"/>
      <node ref="U1" pin="15"/>
    </net>
    <net code="17" name="D8">
      <node ref="U1" pin="14"/>
      <node ref="J5" pin="10"/>
      <node ref="J9" pin="10"/>
    </net>
    <net code="18" name="VCC">
      <node ref="J2" pin="2"/>
      <node ref="J2" pin="4"/>
      <node ref="J3" pin="7"/>
      <node ref="U1" pin="7"/>
      <node ref="U1" pin="20"/>
      <node ref="U1" pin="21"/>
      <node ref="U2" pin="4"/>
      <node ref="U2" pin="19"/>
      <node ref="U2" pin="20"/>
      <node ref="C4" pin="2"/>
      <node ref="J9" pin="3"/>
      <node ref="J7" pin="4"/>
      <node ref="J7" pin="7"/>
      <node ref="J11" pin="2"/>
      <node ref="J5" pin="3"/>
      <node ref="R1" pin="2"/>
      <node ref="R2" pin="2"/>
      <node ref="J3" pin="4"/>
      <node ref="R4" pin="2"/>
    </net>
    <net code="19" name="A5">
      <node ref="U1" pin="28"/>
      <node ref="J8" pin="1"/>
      <node ref="J4" pin="1"/>
      <node ref="J9" pin="1"/>
      <node ref="J5" pin="1"/>
    </net>
    <net code="20" name="3.3V">
      <node ref="J3" pin="5"/>
      <node ref="J7" pin="5"/>
      <node ref="C7" pin="1"/>
      <node ref="U4" pin="1"/>
    </net>
    <net code="21" name="Vin">
      <node ref="C6" pin="1"/>
      <node ref="J3" pin="1"/>
      <node ref="D1" pin="2"/>
      <node ref="U4" pin="3"/>
      <node ref="J7" pin="1"/>
    </net>
    <net code="22" name="A0">
      <node ref="J8" pin="6"/>
      <node ref="U1" pin="23"/>
      <node ref="J4" pin="6"/>
    </net>
    <net code="23" name="A1">
      <node ref="J8" pin="5"/>
      <node ref="J4" pin="5"/>
      <node ref="U1" pin="24"/>
    </net>
    <net code="24" name="A2">
      <node ref="J8" pin="4"/>
      <node ref="J4" pin="4"/>
      <node ref="U1" pin="25"/>
    </net>
    <net code="25" name="A3">
      <node ref="J4" pin="3"/>
      <node ref="U1" pin="26"/>
      <node ref="J8" pin="3"/>
    </net>
    <net code="26" name="A4">
      <node ref="J4" pin="2"/>
      <node ref="J8" pin="2"/>
      <node ref="J5" pin="2"/>
      <node ref="U1" pin="27"/>
      <node ref="J9" pin="2"/>
    </net>
    <net code="27" name="D7">
      <node ref="J10" pin="1"/>
      <node ref="U1" pin="13"/>
      <node ref="J6" pin="1"/>
    </net>
    <net code="28" name="D6">
      <node ref="J10" pin="2"/>
      <node ref="J6" pin="2"/>
      <node ref="U1" pin="12"/>
    </net>
    <net code="29" name="D5">
      <node ref="U1" pin="11"/>
      <node ref="J6" pin="3"/>
      <node ref="J10" pin="3"/>
    </net>
    <net code="30" name="D4">
      <node ref="J6" pin="4"/>
      <node ref="U1" pin="6"/>
      <node ref="J10" pin="4"/>
    </net>
    <net code="31" name="D3">
      <node ref="U1" pin="5"/>
      <node ref="J10" pin="5"/>
      <node ref="J6" pin="5"/>
    </net>
    <net code="32" name="D2">
      <node ref="U1" pin="4"/>
      <node ref="J10" pin="6"/>
      <node ref="J6" pin="6"/>
    </net>
    <net code="33" name="TX">
      <node ref="J6" pin="7"/>
      <node ref="R5" pin="1"/>
      <node ref="U1" pin="3"/>
      <node ref="J10" pin="7"/>
    </net>
    <net code="34" name="RX">
      <node ref="J10" pin="8"/>
      <node ref="U1" pin="2"/>
      <node ref="R3" pin="2"/>
      <node ref="J6" pin="8"/>
    </net>
    <net code="35" name="GND">
      <node ref="C10" pin="1"/>
      <node ref="U1" pin="22"/>
      <node ref="J5" pin="4"/>
      <node ref="C9" pin="1"/>
      <node ref="U1" pin="8"/>
      <node ref="C4" pin="1"/>
      <node ref="U2" pin="21"/>
      <node ref="U2" pin="25"/>
      <node ref="U2" pin="26"/>
      <node ref="U2" pin="18"/>
      <node ref="R7" pin="1"/>
      <node ref="SW1" pin="2"/>
      <node ref="U3" pin="1"/>
      <node ref="J3" pin="3"/>
      <node ref="J3" pin="2"/>
      <node ref="J1" pin="5"/>
      <node ref="U4" pin="2"/>
      <node ref="C3" pin="2"/>
      <node ref="J1" pin="SH"/>
      <node ref="J9" pin="4"/>
      <node ref="J7" pin="2"/>
      <node ref="J7" pin="3"/>
      <node ref="J11" pin="6"/>
      <node ref="C1" pin="2"/>
      <node ref="C5" pin="1"/>
      <node ref="C2" pin="2"/>
      <node ref="U2" pin="7"/>
      <node ref="R6" pin="2"/>
      <node ref="C6" pin="2"/>
      <node ref="U4" pin="4"/>
      <node ref="C7" pin="2"/>
    </net>
    <net code="36" name="D12">
      <node ref="J11" pin="1"/>
      <node ref="J5" pin="6"/>
      <node ref="J9" pin="6"/>
      <node ref="U1" pin="18"/>
    </net>
    <net code="37" name="D13">
      <node ref="J9" pin="5"/>
      <node ref="J5" pin="5"/>
      <node ref="D4" pin="2"/>
      <node ref="U1" pin="19"/>
      <node ref="J11" pin="3"/>
    </net>
    <net code="38" name="DTR">
      <node ref="J3" pin="6"/>
      <node ref="R6" pin="1"/>
      <node ref="C8" pin="2"/>
      <node ref="U2" pin="2"/>
      <node ref="J7" pin="6"/>
      <node ref="J11" pin="5"/>
    </net>
    <net code="39" name="D11">
      <node ref="J11" pin="4"/>
      <node ref="U1" pin="17"/>
      <node ref="J5" pin="7"/>
      <node ref="J9" pin="7"/>
    </net>
    <net code="40" name="Net-(C1-Pad1)">
      <node ref="D1" pin="1"/>
      <node ref="U3" pin="4"/>
      <node ref="C1" pin="1"/>
    </net>
    <net code="41" name="Net-(J7-Pad8)">
      <node ref="J7" pin="8"/>
    </net>
    <net code="42" name="Net-(J1-Pad4)">
      <node ref="J1" pin="4"/>
    </net>
    <net code="43" name="Net-(U2-Pad27)">
      <node ref="U2" pin="27"/>
    </net>
    <net code="44" name="Net-(U2-Pad28)">
      <node ref="U2" pin="28"/>
    </net>
    <net code="45" name="Net-(U2-Pad9)">
      <node ref="U2" pin="9"/>
    </net>
    <net code="46" name="Net-(U2-Pad3)">
      <node ref="U2" pin="3"/>
    </net>
    <net code="47" name="Net-(U2-Pad11)">
      <node ref="U2" pin="11"/>
    </net>
    <net code="48" name="Net-(U2-Pad6)">
      <node ref="U2" pin="6"/>
    </net>
    <net code="49" name="Net-(U2-Pad10)">
      <node ref="U2" pin="10"/>
    </net>
    <net code="50" name="Net-(U3-Pad8)">
      <node ref="U3" pin="8"/>
    </net>
    <net code="51" name="Net-(U2-Pad8)">
      <node ref="U2" pin="8"/>
    </net>
    <net code="52" name="Net-(U3-Pad5)">
      <node ref="U3" pin="5"/>
    </net>
    <net code="53" name="Net-(U2-Pad14)">
      <node ref="U2" pin="14"/>
    </net>
    <net code="54" name="Net-(U2-Pad12)">
      <node ref="U2" pin="12"/>
    </net>
    <net code="55" name="Net-(U2-Pad13)">
      <node ref="U2" pin="13"/>
    </net>
    <net code="56" name="Net-(U2-Pad24)">
      <node ref="U2" pin="24"/>
    </net>
    <net code="57" name="Net-(J3-Pad8)">
      <node ref="J3" pin="8"/>
    </net>
    <net code="58" name="Net-(C9-Pad2)">
      <node ref="Y1" pin="1"/>
      <node ref="C9" pin="2"/>
      <node ref="U1" pin="9"/>
    </net>
    <net code="59" name="Net-(C10-Pad2)">
      <node ref="Y1" pin="2"/>
      <node ref="U1" pin="10"/>
      <node ref="C10" pin="2"/>
    </net>
  </nets>
</export>
